INSERT INTO usuarios (id_usuario, centro_custo, dt_nascimento, email, matricula, nome, status_usuario, ultimo_nome) VALUES
(1, 'Desenvolvimento', '1985-01-15', 'joao.silva@example.com', '24000001', 'João', 'Ativo', 'Silva'),
(2, 'Arquitetura', '1986-02-20', 'maria.souza@example.com', '24000002', 'Maria', 'Ativo', 'Souza'),
(3, 'Engenharia', '1987-03-25', 'antonio.costa@example.com', '24000003', 'Antonio', 'Ativo', 'Costa'),
(4, 'Operação', '1988-04-30', 'ana.mendes@example.com', '24000004', 'Ana', 'Ativo', 'Mendes'),
(5, 'Design', '1989-05-10', 'carlos.alves@example.com', '24000005', 'Carlos', 'Ativo', 'Alves'),
(6, 'Projeto', '1990-06-15', 'marcia.pereira@example.com', '24000006', 'Marcia', 'Ativo', 'Pereira'),
(7, 'Dados', '1991-07-20', 'paulo.lima@example.com', '24000007', 'Paulo', 'Ativo', 'Lima'),
(8, 'Financeiro', '1992-08-25', 'lucia.santos@example.com', '24000008', 'Lucia', 'Ativo', 'Santos'),
(9, 'TI', '1993-09-30', 'ricardo.martins@example.com', '24000009', 'Ricardo', 'Ativo', 'Martins'),
(10, 'RH', '1994-10-05', 'juliana.rodrigues2@example.com', '24000010', 'Juliana', 'Ativo', 'Rodrigues'),
(11, 'Desenvolvimento', '1985-01-15', 'luiz.silva@example.com', '24000011', 'Luiz', 'Inativo', 'Silva'),
(12, 'Arquitetura', '1986-02-20', 'claudia.souza@example.com', '24000012', 'Claudia', 'Inativo', 'Souza'),
(13, 'Engenharia', '1987-03-25', 'roberto.costa@example.com', '24000013', 'Roberto', 'Inativo', 'Costa'),
(14, 'Operação', '1988-04-30', 'renata.mendes@example.com', '24000014', 'Renata', 'Inativo', 'Mendes'),
(15, 'Design', '1989-05-10', 'fernando.alves@example.com', '24000015', 'Fernando', 'Inativo', 'Alves'),
(16, 'Projeto', '1990-06-15', 'alessandra.pereira@example.com', '24000016', 'Alessandra', 'Inativo', 'Pereira'),
(17, 'Dados', '1991-07-20', 'marcos.lima@example.com', '24000017', 'Marcos', 'Inativo', 'Lima'),
(18, 'Financeiro', '1992-08-25', 'patricia.santos@example.com', '24000018', 'Patricia', 'Inativo', 'Santos'),
(19, 'TI', '1993-09-30', 'andre.martins@example.com', '24000019', 'Andre', 'Inativo', 'Martins'),
(20, 'RH', '1994-10-05', 'beatriz.rodrigues@example.com', '24000020', 'Beatriz', 'Inativo', 'Rodrigues'),
(21, 'Desenvolvimento', '1985-01-15', 'tiago.silva@example.com', '24000021', 'Tiago', 'Ativo', 'Silva'),
(22, 'Arquitetura', '1986-02-20', 'renato.souza@example.com', '24000022', 'Renato', 'Ativo', 'Souza'),
(23, 'Engenharia', '1987-03-25', 'camila.costa@example.com', '24000023', 'Camila', 'Ativo', 'Costa'),
(24, 'Operação', '1988-04-30', 'julio.mendes@example.com', '24000024', 'Julio', 'Ativo', 'Mendes'),
(25, 'Design', '1989-05-10', 'flavia.alves@example.com', '24000025', 'Flavia', 'Ativo', 'Alves'),
(26, 'Projeto', '1990-06-15', 'helena.pereira@example.com', '24000026', 'Helena', 'Ativo', 'Pereira'),
(27, 'Dados', '1991-07-20', 'igor.lima@example.com', '24000027', 'Igor', 'Ativo', 'Lima'),
(28, 'Financeiro', '1992-08-25', 'daniela.santos@example.com', '24000028', 'Daniela', 'Ativo', 'Santos'),
(29, 'TI', '1993-09-30', 'rodrigo.martins@example.com', '24000029', 'Rodrigo', 'Ativo', 'Martins'),
(30, 'RH', '1994-10-05', 'viviane.rodrigues@example.com', '24000030', 'Viviane', 'Ativo', 'Rodrigues'),
(31, 'Desenvolvimento', '1985-01-15', 'jorge.silva@example.com', '24000031', 'Jorge', 'Ativo', 'Silva'),
(32, 'Arquitetura', '1986-02-20', 'elaine.souza@example.com', '24000032', 'Elaine', 'Ativo', 'Souza'),
(33, 'Engenharia', '1987-03-25', 'gustavo.costa@example.com', '24000033', 'Gustavo', 'Ativo', 'Costa'),
(34, 'Operação', '1988-04-30', 'leticia.mendes@example.com', '24000034', 'Leticia', 'Ativo', 'Mendes'),
(35, 'Design', '1989-05-10', 'fernanda.alves@hotmail.com', '24000035', 'Fernanda', 'Ativo', 'Alves'),
(36, 'Projeto', '1990-06-15', 'andreia.pereira@example.com', '24000036', 'Andreia', 'Ativo', 'Pereira'),
(37, 'Dados', '1991-07-20', 'leandro.lima@example.com', '24000037', 'Leandro', 'Ativo', 'Lima'),
(38, 'Financeiro', '1992-08-25', 'isabela.santos@example.com', '24000038', 'Isabela', 'Ativo', 'Santos'),
(39, 'TI', '1993-09-30', 'samuel.martins@example.com', '24000039', 'Samuel', 'Ativo', 'Martins'),
(40, 'RH', '1994-10-05', 'carolina.rodrigues@example.com', '24000040', 'Carolina', 'Ativo', 'Rodrigues'),
(41, 'Desenvolvimento', '1985-01-15', 'joaquina.silva@example.com', '24000041', 'Joaquina', 'Ativo', 'Silva'),
(42, 'Arquitetura', '1986-02-20', 'mario.souza@example.com', '24000042', 'Mario', 'Ativo', 'Souza'),
(43, 'Engenharia', '1987-03-25', 'helio.costa@example.com', '24000043', 'Helio', 'Ativo', 'Costa'),
(44, 'Operação', '1988-04-30', 'tatiana.mendes@example.com', '24000044', 'Tatiana', 'Ativo', 'Mendes'),
(45, 'Design', '1989-05-10', 'bruno.alves@example.com', '24000045', 'Bruno', 'Ativo', 'Alves'),
(46, 'Projeto', '1990-06-15', 'silvia.pereira@example.com', '24000046', 'Silvia', 'Ativo', 'Pereira'),
(47, 'Dados', '1991-07-20', 'fabio.lima@example.com', '24000047', 'Fabio', 'Ativo', 'Lima'),
(48, 'Financeiro', '1992-08-25', 'michele.santos@example.com', '24000048', 'Michele', 'Ativo', 'Santos'),
(49, 'TI', '1993-09-30', 'pedro.martins@example.com', '24000049', 'Pedro', 'Ativo', 'Martins'),
(50, 'RH', '1994-10-05', 'cintia.rodrigues@example.com', '24000050', 'Cintia', 'Ativo', 'Rodrigues'),
(51, 'Desenvolvimento', '1985-01-15', 'lucas.silva@example.com', '24000051', 'Lucas', 'Ativo', 'Silva'),
(52, 'Arquitetura', '1986-02-20', 'vanessa.souza@example.com', '24000052', 'Vanessa', 'Ativo', 'Souza'),
(53, 'Engenharia', '1987-03-25', 'raquel.costa@example.com', '24000053', 'Raquel', 'Ativo', 'Costa'),
(54, 'Operação', '1988-04-30', 'felipe.mendes@example.com', '24000054', 'Felipe', 'Ativo', 'Mendes'),
(55, 'Design', '1989-05-10', 'vitor.alves@example.com', '24000055', 'Vitor', 'Ativo', 'Alves'),
(56, 'Projeto', '1990-06-15', 'aline.pereira@example.com', '24000056', 'Aline', 'Ativo', 'Pereira'),
(57, 'Dados', '1991-07-20', 'jorge.lima@example.com', '24000057', 'Jorge', 'Ativo', 'Lima'),
(58, 'Financeiro', '1992-08-25', 'raissa.santos@example.com', '24000058', 'Raissa', 'Ativo', 'Santos'),
(59, 'TI', '1993-09-30', 'milton.martins@example.com', '24000059', 'Milton', 'Ativo', 'Martins'),
(60, 'RH', '1994-10-05', 'leila.rodrigues@example.com', '24000060', 'Leila', 'Ativo', 'Rodrigues'),
(61, 'Desenvolvimento', '1985-01-15', 'julio.silva@example.com', '24000061', 'Julio', 'Ativo', 'Silva'),
(62, 'Arquitetura', '1986-02-20', 'alessandro.souza@example.com', '24000062', 'Alessandro', 'Ativo', 'Souza'),
(63, 'Engenharia', '1987-03-25', 'alvaro.costa@example.com', '24000063', 'Alvaro', 'Ativo', 'Costa'),
(64, 'Operação', '1988-04-30', 'gustavo.mendes@example.com', '24000064', 'Gustavo', 'Ativo', 'Mendes'),
(65, 'Design', '1989-05-10', 'gilberto.alves@example.com', '24000065', 'Gilberto', 'Ativo', 'Alves'),
(66, 'Projeto', '1990-06-15', 'tatiane.pereira@example.com', '24000066', 'Tatiane', 'Ativo', 'Pereira'),
(67, 'Dados', '1991-07-20', 'ricardo.lima@example.com', '24000067', 'Ricardo', 'Ativo', 'Lima'),
(68, 'Financeiro', '1992-08-25', 'renan.santos@example.com', '24000068', 'Renan', 'Ativo', 'Santos'),
(69, 'TI', '1993-09-30', 'carlos.martins@example.com', '24000069', 'Carlos', 'Ativo', 'Martins'),
(70, 'RH', '1994-10-05', 'vivian.rodrigues@example.com', '24000070', 'Vivian', 'Ativo', 'Rodrigues'),
(71, 'Desenvolvimento', '1985-01-15', 'adriana.silva@example.com', '24000071', 'Adriana', 'Ativo', 'Silva'),
(72, 'Arquitetura', '1986-02-20', 'aline.souza@example.com', '24000072', 'Aline', 'Ativo', 'Souza'),
(73, 'Engenharia', '1987-03-25', 'alessandra.costa@example.com', '24000073', 'Alessandra', 'Ativo', 'Costa'),
(74, 'Operação', '1988-04-30', 'danilo.mendes@example.com', '24000074', 'Danilo', 'Ativo', 'Mendes'),
(75, 'Design', '1989-05-10', 'jorge.alves@example.com', '24000075', 'Jorge', 'Ativo', 'Alves'),
(76, 'Projeto', '1990-06-15', 'henrique.pereira@example.com', '24000076', 'Henrique', 'Ativo', 'Pereira'),
(77, 'Dados', '1991-07-20', 'natalia.lima@example.com', '24000077', 'Natalia', 'Ativo', 'Lima'),
(78, 'Financeiro', '1992-08-25', 'eduardo.santos@example.com', '24000078', 'Eduardo', 'Ativo', 'Santos'),
(79, 'TI', '1993-09-30', 'gustavo.martins@example.com', '24000079', 'Gustavo', 'Ativo', 'Martins'),
(80, 'RH', '1994-10-05', 'fernanda.rodrigues@example.com', '24000080', 'Fernanda', 'Ativo', 'Rodrigues'),
(81, 'Desenvolvimento', '1985-01-15', 'patricia.silva@example.com', '24000081', 'Patricia', 'Ativo', 'Silva'),
(82, 'Arquitetura', '1986-02-20', 'ricardo.souza@example.com', '24000082', 'Ricardo', 'Ativo', 'Souza'),
(83, 'Engenharia', '1987-03-25', 'lucas.costa@example.com', '24000083', 'Lucas', 'Ativo', 'Costa'),
(84, 'Operação', '1988-04-30', 'leonardo.mendes@example.com', '24000084', 'Leonardo', 'Ativo', 'Mendes'),
(85, 'Design', '1989-05-10', 'davi.alves@example.com', '24000085', 'Davi', 'Ativo', 'Alves'),
(86, 'Projeto', '1990-06-15', 'eduardo.pereira@example.com', '24000086', 'Eduardo', 'Ativo', 'Pereira'),
(87, 'Dados', '1991-07-20', 'thais.lima@example.com', '24000087', 'Thais', 'Ativo', 'Lima'),
(88, 'Financeiro', '1992-08-25', 'antonio.santos@example.com', '24000088', 'Antonio', 'Ativo', 'Santos'),
(89, 'TI', '1993-09-30', 'bruno.martins@example.com', '24000089', 'Bruno', 'Ativo', 'Martins'),
(90, 'RH', '1994-10-05', 'renata.rodrigues@example.com', '24000090', 'Renata', 'Ativo', 'Rodrigues'),
(91, 'Desenvolvimento', '1985-01-15', 'silvia.silva@example.com', '24000091', 'Silvia', 'Ativo', 'Silva'),
(92, 'Arquitetura', '1986-02-20', 'eduarda.souza@example.com', '24000092', 'Eduarda', 'Ativo', 'Souza'),
(93, 'Engenharia', '1987-03-25', 'daniela.costa@example.com', '24000093', 'Daniela', 'Ativo', 'Costa'),
(94, 'Operação', '1988-04-30', 'vinicius.mendes@example.com', '24000094', 'Vinicius', 'Ativo', 'Mendes'),
(95, 'Design', '1989-05-10', 'gabriel.alves@example.com', '24000095', 'Gabriel', 'Ativo', 'Alves'),
(96, 'Projeto', '1990-06-15', 'felipe.pereira@bol.com', '24000096', 'Felipe', 'Ativo', 'Pereira'),
(97, 'Dados', '1991-07-20', 'amanda.lima@example.com', '24000097', 'Amanda', 'Ativo', 'Lima'),
(98, 'Financeiro', '1992-08-25', 'felipe.santos@example.com', '24000098', 'Felipe', 'Ativo', 'Santos'),
(99, 'TI', '1993-09-30', 'rafael.martins@example.com', '24000099', 'Rafael', 'Ativo', 'Martins'),
(100, 'RH', '1994-10-05', 'juliana.rodrigues@example.com', '24000100', 'Juliana', 'Ativo', 'Rodrigues'),
(101, 'Desenvolvimento', '1985-01-15', 'natalia.silva@example.com', '24000101', 'Natalia', 'Ativo', 'Silva'),
(102, 'Arquitetura', '1986-02-20', 'priscila.souza@example.com', '24000102', 'Priscila', 'Ativo', 'Souza'),
(103, 'Engenharia', '1987-03-25', 'paulo.costa@example.com', '24000103', 'Paulo', 'Ativo', 'Costa'),
(104, 'Operação', '1988-04-30', 'aline.mendes@example.com', '24000104', 'Aline', 'Ativo', 'Mendes'),
(105, 'Design', '1989-05-10', 'cristiano.alves@example.com', '24000105', 'Cristiano', 'Ativo', 'Alves'),
(106, 'Projeto', '1990-06-15', 'fernanda.pereira@example.com', '24000106', 'Fernanda', 'Ativo', 'Pereira'),
(107, 'Dados', '1991-07-20', 'vitoria.lima@example.com', '24000107', 'Vitoria', 'Ativo', 'Lima'),
(108, 'Financeiro', '1992-08-25', 'roberto.santos@example.com', '24000108', 'Roberto', 'Ativo', 'Santos'),
(109, 'TI', '1993-09-30', 'jose.martins@example.com', '24000109', 'Jose', 'Ativo', 'Martins'),
(110, 'RH', '1994-10-05', 'daniel.rodrigues@example.com', '24000110', 'Daniel', 'Ativo', 'Rodrigues'),
(111, 'Desenvolvimento', '1985-01-15', 'barbara.silva@example.com', '24000111', 'Barbara', 'Ativo', 'Silva'),
(112, 'Arquitetura', '1986-02-20', 'cintia.souza@example.com', '24000112', 'Cintia', 'Ativo', 'Souza'),
(113, 'Engenharia', '1987-03-25', 'carla.costa@example.com', '24000113', 'Carla', 'Ativo', 'Costa'),
(114, 'Operação', '1988-04-30', 'carlos.mendes@example.com', '24000114', 'Carlos', 'Ativo', 'Mendes'),
(115, 'Design', '1989-05-10', 'patricia.alves@example.com', '24000115', 'Patricia', 'Ativo', 'Alves'),
(116, 'Projeto', '1990-06-15', 'joana.pereira@example.com', '24000116', 'Joana', 'Ativo', 'Pereira'),
(117, 'Dados', '1991-07-20', 'larissa.lima@example.com', '24000117', 'Larissa', 'Ativo', 'Lima'),
(118, 'Financeiro', '1992-08-25', 'julia.santos@example.com', '24000118', 'Julia', 'Ativo', 'Santos'),
(119, 'TI', '1993-09-30', 'gilberto.martins@example.com', '24000119', 'Gilberto', 'Ativo', 'Martins'),
(120, 'RH', '1994-10-05', 'ana.rodrigues@example.com', '24000120', 'Ana', 'Ativo', 'Rodrigues'),
(121, 'Desenvolvimento', '1985-01-15', 'vanessa.silva@example.com', '24000121', 'Vanessa', 'Ativo', 'Silva'),
(122, 'Arquitetura', '1986-02-20', 'camila.souza@example.com', '24000122', 'Camila', 'Ativo', 'Souza'),
(123, 'Engenharia', '1987-03-25', 'marcio.costa@example.com', '24000123', 'Marcio', 'Ativo', 'Costa'),
(124, 'Operação', '1988-04-30', 'helena.mendes@example.com', '24000124', 'Helena', 'Ativo', 'Mendes'),
(125, 'Design', '1989-05-10', 'fabiana.alves@example.com', '24000125', 'Fabiana', 'Ativo', 'Alves'),
(126, 'Projeto', '1990-06-15', 'felipe.pereira@example.com', '24000126', 'Felipe', 'Ativo', 'Pereira'),
(127, 'Dados', '1991-07-20', 'rodrigo.lima@example.com', '24000127', 'Rodrigo', 'Ativo', 'Lima'),
(128, 'Financeiro', '1992-08-25', 'milena.santos@example.com', '24000128', 'Milena', 'Ativo', 'Santos'),
(129, 'TI', '1993-09-30', 'fernando.martins@example.com', '24000129', 'Fernando', 'Ativo', 'Martins'),
(130, 'RH', '1994-10-05', 'rafaela.rodrigues@example.com', '24000130', 'Rafaela', 'Ativo', 'Rodrigues'),
(131, 'Desenvolvimento', '1985-01-15', 'marcos.silva@example.com', '24000131', 'Marcos', 'Ativo', 'Silva'),
(132, 'Arquitetura', '1986-02-20', 'livia.souza@example.com', '24000132', 'Livia', 'Ativo', 'Souza'),
(133, 'Engenharia', '1987-03-25', 'diego.costa@example.com', '24000133', 'Diego', 'Ativo', 'Costa'),
(134, 'Operação', '1988-04-30', 'simone.mendes@example.com', '24000134', 'Simone', 'Ativo', 'Mendes'),
(135, 'Design', '1989-05-10', 'juliano.alves@example.com', '24000135', 'Juliano', 'Ativo', 'Alves'),
(136, 'Projeto', '1990-06-15', 'laura.pereira@example.com', '24000136', 'Laura', 'Ativo', 'Pereira'),
(137, 'Dados', '1991-07-20', 'daniel.lima@example.com', '24000137', 'Daniel', 'Ativo', 'Lima'),
(138, 'Financeiro', '1992-08-25', 'mariana.santos@example.com', '24000138', 'Mariana', 'Ativo', 'Santos'),
(139, 'TI', '1993-09-30', 'julio.martins@example.com', '24000139', 'Julio', 'Ativo', 'Martins'),
(140, 'RH', '1994-10-05', 'fabio.rodrigues@example.com', '24000140', 'Fabio', 'Ativo', 'Rodrigues'),
(141, 'Desenvolvimento', '1985-01-15', 'elaine.silva@example.com', '24000141', 'Elaine', 'Ativo', 'Silva'),
(142, 'Arquitetura', '1986-02-20', 'rafael.souza@example.com', '24000142', 'Rafael', 'Ativo', 'Souza'),
(143, 'Engenharia', '1987-03-25', 'marina.costa@example.com', '24000143', 'Marina', 'Ativo', 'Costa'),
(144, 'Operação', '1988-04-30', 'gustavo.mendes@gmail.com', '24000144', 'Gustavo', 'Ativo', 'Mendes'),
(145, 'Design', '1989-05-10', 'fernando.a12@example.com', '24000145', 'Fernando', 'Ativo', 'Alves'),
(146, 'Projeto', '1990-06-15', 'rafaela.pereira@example.com', '24000146', 'Rafaela', 'Ativo', 'Pereira'),
(147, 'Dados', '1991-07-20', 'victor.lima@example.com', '24000147', 'Victor', 'Ativo', 'Lima'),
(148, 'Financeiro', '1992-08-25', 'juliana.santos@example.com', '24000148', 'Juliana', 'Ativo', 'Santos'),
(149, 'TI', '1993-09-30', 'antonio.martins@example.com', '24000149', 'Antonio', 'Ativo', 'Martins'),
(150, 'RH', '1994-10-05', 'simone.rodrigues@example.com', '24000150', 'Simone', 'Ativo', 'Rodrigues'),
(151, 'Desenvolvimento', '1985-01-15', 'julio.silva@gmail.com', '24000151', 'Julio', 'Ativo', 'Silva'),
(152, 'Arquitetura', '1986-02-20', 'alessandra.souza@example.com', '24000152', 'Alessandra', 'Ativo', 'Souza'),
(153, 'Engenharia', '1987-03-25', 'marcelo.costa@example.com', '24000153', 'Marcelo', 'Ativo', 'Costa'),
(154, 'Operação', '1988-04-30', 'renata.mendes@bol.com', '24000154', 'Renata', 'Ativo', 'Mendes'),
(155, 'Design', '1989-05-10', 'vitor.alves1@example.com', '24000155', 'Vitor', 'Ativo', 'Alves'),
(156, 'Projeto', '1990-06-15', 'larissa.pereira@example.com', '24000156', 'Larissa', 'Ativo', 'Pereira'),
(157, 'Dados', '1991-07-20', 'lucas.lima@example.com', '24000157', 'Lucas', 'Ativo', 'Lima'),
(158, 'Financeiro', '1992-08-25', 'amanda.santos@example.com', '24000158', 'Amanda', 'Ativo', 'Santos'),
(159, 'TI', '1993-09-30', 'daniel.martins@example.com', '24000159', 'Daniel', 'Ativo', 'Martins'),
(160, 'RH', '1994-10-05', 'ana.rodrigues@gmail.com', '24000160', 'Ana', 'Ativo', 'Rodrigues'),
(161, 'Desenvolvimento', '1985-01-15', 'flavia.silva@example.com', '24000161', 'Flavia', 'Ativo', 'Silva'),
(162, 'Arquitetura', '1986-02-20', 'jose.souza@example.com', '24000162', 'Jose', 'Ativo', 'Souza'),
(163, 'Engenharia', '1987-03-25', 'marcia.costa@example.com', '24000163', 'Marcia', 'Ativo', 'Costa'),
(164, 'Operação', '1988-04-30', 'luciana.mendes@example.com', '24000164', 'Luciana', 'Ativo', 'Mendes'),
(165, 'Design', '1989-05-10', 'tiago.alves@example.com', '24000165', 'Tiago', 'Ativo', 'Alves'),
(166, 'Projeto', '1990-06-15', 'aline.pereira@yahoo.com', '24000166', 'Aline', 'Ativo', 'Pereira'),
(167, 'Dados', '1991-07-20', 'fernando.lima@example.com', '24000167', 'Fernando', 'Ativo', 'Lima'),
(168, 'Financeiro', '1992-08-25', 'rafael.santos@example.com', '24000168', 'Rafael', 'Ativo', 'Santos'),
(169, 'TI', '1993-09-30', 'gabriel.martins@example.com', '24000169', 'Gabriel', 'Ativo', 'Martins'),
(170, 'RH', '1994-10-05', 'larissa.rodrigues@example.com', '24000170', 'Larissa', 'Ativo', 'Rodrigues'),
(171, 'Desenvolvimento', '1985-01-15', 'victor.silva@example.com', '24000171', 'Victor', 'Ativo', 'Silva'),
(172, 'Arquitetura', '1986-02-20', 'juliana.souza@example.com', '24000172', 'Juliana', 'Ativo', 'Souza'),
(173, 'Engenharia', '1987-03-25', 'helena.costa@example.com', '24000173', 'Helena', 'Ativo', 'Costa'),
(174, 'Operação', '1988-04-30', 'ricardo.mendes@example.com', '24000174', 'Ricardo', 'Ativo', 'Mendes'),
(175, 'Design', '1989-05-10', 'lucas.alves@example.com', '24000175', 'Lucas', 'Ativo', 'Alves'),
(176, 'Projeto', '1990-06-15', 'renata.pereira@example.com', '24000176', 'Renata', 'Ativo', 'Pereira'),
(177, 'Dados', '1991-07-20', 'mario.lima@example.com', '24000177', 'Mario', 'Ativo', 'Lima'),
(178, 'Financeiro', '1992-08-25', 'marina.santos@example.com', '24000178', 'Marina', 'Ativo', 'Santos'),
(179, 'TI', '1993-09-30', 'paulo.martins@example.com', '24000179', 'Paulo', 'Ativo', 'Martins'),
(180, 'RH', '1994-10-05', 'simone.rodrigues@hotmail.com.com', '24000180', 'Simone', 'Ativo', 'Rodrigues'),
(181, 'Desenvolvimento', '1985-01-15', 'priscila.silva@example.com', '24000181', 'Priscila', 'Ativo', 'Silva'),
(182, 'Arquitetura', '1986-02-20', 'renato.souza@hotmail.com', '24000182', 'Renato', 'Ativo', 'Souza'),
(183, 'Engenharia', '1987-03-25', 'joana.costa@example.com', '24000183', 'Joana', 'Ativo', 'Costa'),
(184, 'Operação', '1988-04-30', 'felipemendes1@example.com', '24000184', 'Felipe', 'Ativo', 'Mendes'),
(185, 'Design', '1989-05-10', 'jose.alves@example.com', '24000185', 'Jose', 'Ativo', 'Alves'),
(186, 'Projeto', '1990-06-15', 'camila.pereira@example.com', '24000186', 'Camila', 'Ativo', 'Pereira'),
(187, 'Dados', '1991-07-20', 'natalia.@example.com', '24000187', 'Natalia', 'Ativo', 'Lima'),
(188, 'Financeiro', '1992-08-25', 'juliano.santos@example.com', '24000188', 'Juliano', 'Ativo', 'Santos'),
(189, 'TI', '1993-09-30', 'silvia.martins@example.com', '24000189', 'Silvia', 'Ativo', 'Martins'),
(190, 'RH', '1994-10-05', 'rafaelarodrigues@example.com', '24000190', 'Rafaela', 'Ativo', 'Rodrigues'),
(191, 'Desenvolvimento', '1985-01-15', 'andrea.silva@example.com', '24000191', 'Andrea', 'Ativo', 'Silva'),
(192, 'Arquitetura', '1986-02-20', 'gustavo.souza@example.com', '24000192', 'Gustavo', 'Ativo', 'Souza'),
(193, 'Engenharia', '1987-03-25', 'carlos.costa@example.com', '24000193', 'Carlos', 'Ativo', 'Costa'),
(194, 'Operação', '1988-04-30', 'pedro.mendes@example.com', '24000194', 'Pedro', 'Ativo', 'Mendes'),
(195, 'Design', '1989-05-10', 'maria.alves@example.com', '24000195', 'Maria', 'Ativo', 'Alves'),
(196, 'Projeto', '1990-06-15', 'joao.pereira@example.com', '24000196', 'Joao', 'Ativo', 'Pereira'),
(197, 'Dados', '1991-07-20', 'helena.lima@example.com', '24000197', 'Helena', 'Ativo', 'Lima'),
(198, 'Financeiro', '1992-08-25', 'marta.santos@example.com', '24000198', 'Marta', 'Ativo', 'Santos'),
(199, 'TI', '1993-09-30', 'roberto.martins@example.com', '24000199', 'Roberto', 'Ativo', 'Martins'),
(200, 'RH', '1994-10-05', 'aline.rodrigues@example.com', '24000200', 'Aline', 'Ativo', 'Rodrigues');


INSERT INTO equipes (id_equipe, descricao, nome) VALUES
(1, 'Equipe responsável pelo desenvolvimento e manutenção de software', 'Equipe de Desenvolvimento de Software'),
(2, 'Equipe encarregada da arquitetura e design de sistemas complexos', 'Equipe de Arquitetura de Sistemas'),
(3, 'Equipe que lida com a engenharia e construção de projetos', 'Equipe de Engenharia de Projetos'),
(4, 'Equipe que gerencia as operações diárias e logísticas', 'Equipe de Operações'),
(5, 'Equipe dedicada ao design de interfaces e experiência do usuário', 'Equipe de Design de Interface'),
(6, 'Equipe especializada em gestão e planejamento de projetos', 'Equipe de Gestão de Projetos'),
(7, 'Equipe focada na análise e interpretação de dados', 'Equipe de Análise de Dados'),
(8, 'Equipe que gerencia as finanças e contabilidade da empresa', 'Equipe de Finanças e Contabilidade'),
(9, 'Equipe que cuida da infraestrutura e suporte de TI', 'Equipe de Tecnologia da Informação'),
(10, 'Equipe responsável pela gestão de recursos humanos', 'Equipe de Recursos Humanos'),
(11, 'Equipe especializada em segurança da informação e cibersegurança', 'Equipe de Segurança da Informação'),
(12, 'Equipe focada em estratégias de marketing digital', 'Equipe de Marketing Digital'),
(13, 'Equipe encarregada das vendas e relacionamento com clientes', 'Equipe de Vendas'),
(14, 'Equipe que lida com o atendimento e suporte ao cliente', 'Equipe de Atendimento ao Cliente'),
(15, 'Equipe dedicada à pesquisa e desenvolvimento de novos produtos', 'Equipe de Pesquisa e Desenvolvimento'),
(16, 'Equipe que gerencia a logística e distribuição de produtos', 'Equipe de Logística'),
(17, 'Equipe responsável pela produção e manufatura', 'Equipe de Produção'),
(18, 'Equipe que assegura a qualidade dos produtos e serviços', 'Equipe de Controle de Qualidade'),
(19, 'Equipe que oferece suporte técnico e resolução de problemas', 'Equipe de Suporte Técnico'),
(20, 'Equipe encarregada de auditorias internas e conformidade', 'Equipe de Auditoria Interna');

-- Inserindo a relação entre equipes e usuários

-- Equipe 1
INSERT INTO equipe_usuarios (equipe_id, usuario_id) VALUES
(1, 1),
(1, 2),
(1, 3),
(1, 4),
(1, 5),
(1, 6),
(1, 7);

-- Equipe 2
INSERT INTO equipe_usuarios (equipe_id, usuario_id) VALUES
(2, 8),
(2, 9),
(2, 10),
(2, 11),
(2, 12),
(2, 13),
(2, 14);

-- Equipe 3
INSERT INTO equipe_usuarios (equipe_id, usuario_id) VALUES
(3, 15),
(3, 16),
(3, 17),
(3, 18),
(3, 19),
(3, 20),
(3, 21);

-- Equipe 4
INSERT INTO equipe_usuarios (equipe_id, usuario_id) VALUES
(4, 22),
(4, 23),
(4, 24),
(4, 25),
(4, 26),
(4, 27),
(4, 28);

-- Equipe 5
INSERT INTO equipe_usuarios (equipe_id, usuario_id) VALUES
(5, 29),
(5, 30),
(5, 31),
(5, 32),
(5, 33),
(5, 34),
(5, 35);

-- Equipe 6
INSERT INTO equipe_usuarios (equipe_id, usuario_id) VALUES
(6, 36),
(6, 37),
(6, 38),
(6, 39),
(6, 40),
(6, 41),
(6, 42);

-- Equipe 7
INSERT INTO equipe_usuarios (equipe_id, usuario_id) VALUES
(7, 43),
(7, 44),
(7, 45),
(7, 46),
(7, 47),
(7, 48),
(7, 49);

-- Equipe 8
INSERT INTO equipe_usuarios (equipe_id, usuario_id) VALUES
(8, 50),
(8, 51),
(8, 52),
(8, 53),
(8, 54),
(8, 55),
(8, 56);

-- Equipe 9
INSERT INTO equipe_usuarios (equipe_id, usuario_id) VALUES
(9, 57),
(9, 58),
(9, 59),
(9, 60),
(9, 61),
(9, 62),
(9, 63);

-- Equipe 10
INSERT INTO equipe_usuarios (equipe_id, usuario_id) VALUES
(10, 64),
(10, 65),
(10, 66),
(10, 67),
(10, 68),
(10, 69),
(10, 70);

-- Equipe 11
INSERT INTO equipe_usuarios (equipe_id, usuario_id) VALUES
(11, 71),
(11, 72),
(11, 73),
(11, 74),
(11, 75),
(11, 76),
(11, 77);

-- Equipe 12
INSERT INTO equipe_usuarios (equipe_id, usuario_id) VALUES
(12, 78),
(12, 79),
(12, 80),
(12, 81),
(12, 82),
(12, 83),
(12, 84);

-- Equipe 13
INSERT INTO equipe_usuarios (equipe_id, usuario_id) VALUES
(13, 85),
(13, 86),
(13, 87),
(13, 88),
(13, 89),
(13, 90),
(13, 91);

-- Equipe 14
INSERT INTO equipe_usuarios (equipe_id, usuario_id) VALUES
(14, 92),
(14, 93),
(14, 94),
(14, 95),
(14, 96),
(14, 97),
(14, 98);

-- Equipe 15
INSERT INTO equipe_usuarios (equipe_id, usuario_id) VALUES
(15, 99),
(15, 100),
(15, 101),
(15, 102),
(15, 103),
(15, 104),
(15, 105);

-- Equipe 16
INSERT INTO equipe_usuarios (equipe_id, usuario_id) VALUES
(16, 106),
(16, 107),
(16, 108),
(16, 109),
(16, 110),
(16, 111),
(16, 112);

-- Equipe 17
INSERT INTO equipe_usuarios (equipe_id, usuario_id) VALUES
(17, 113),
(17, 114),
(17, 115),
(17, 116),
(17, 117),
(17, 118),
(17, 119);

-- Equipe 18
INSERT INTO equipe_usuarios (equipe_id, usuario_id) VALUES
(18, 120),
(18, 121),
(18, 122),
(18, 123),
(18, 124),
(18, 125),
(18, 126);

-- Equipe 19
INSERT INTO equipe_usuarios (equipe_id, usuario_id) VALUES
(19, 127),
(19, 128),
(19, 129),
(19, 130),
(19, 131),
(19, 132),
(19, 133);

-- Equipe 20
INSERT INTO equipe_usuarios (equipe_id, usuario_id) VALUES
(20, 134),
(20, 135),
(20, 136),
(20, 137),
(20, 138),
(20, 139),
(20, 140),
(20, 141),
(20, 142);

-- Inserindo projetos
INSERT INTO projetos (id_projeto, nome, centro_custo, dt_inicio, dt_termino_prevista, status_projeto, orcamento, descricao, flags, id_equipe, id_gerente, matricula) VALUES
(1, 'Projeto Alpha', 'Desenvolvimento', '2024-07-24 00:00:00', '2025-01-24 00:00:00', 'em andamento', 50000, 'Projeto para desenvolvimento de sistema Alpha', 'verde', 1, 1, '24070001'),
(2, 'Projeto Beta', 'Arquitetura', '2024-08-15 00:00:00', '2025-02-15 00:00:00', 'iniciado', 75000, 'Projeto para design de sistema Beta', 'amarelo', 2, 8, '24080002'),
(3, 'Projeto Gamma', 'Engenharia', '2024-09-01 00:00:00', '2025-03-01 00:00:00', 'concluído', 100000, 'Projeto de construção Gamma', 'vermelho', 3, 15, '24090003'),
(4, 'Projeto Delta', 'Operação', '2024-10-10 00:00:00', '2025-04-10 00:00:00', 'não iniciado', 25000, 'Projeto de operações Delta', 'azul', 4, 22, '24100004'),
(5, 'Projeto Epsilon', 'Design', '2024-11-20 00:00:00', '2025-05-20 00:00:00', 'em revisão', 40000, 'Projeto de design Epsilon', 'cinza', 5, 29, '24110005'),
(6, 'Projeto Zeta', 'Projeto', '2024-12-25 00:00:00', '2025-06-25 00:00:00', 'em espera', 60000, 'Projeto de gestão Zeta', 'laranja', 6, 36, '24120006'),
(7, 'Projeto Eta', 'Dados', '2025-01-05 00:00:00', '2025-07-05 00:00:00', 'em andamento', 80000, 'Projeto de análise de dados Eta', 'verde', 7, 43, '25010007'),
(8, 'Projeto Theta', 'Financeiro', '2025-02-15 00:00:00', '2025-08-15 00:00:00', 'concluído', 90000, 'Projeto financeiro Theta', 'amarelo', 8, 50, '25020008'),
(9, 'Projeto Iota', 'TI', '2025-03-25 00:00:00', '2025-09-25 00:00:00', 'em andamento', 110000, 'Projeto de TI Iota', 'vermelho', 9, 57, '25030009'),
(10, 'Projeto Kappa', 'RH', '2025-04-30 00:00:00', '2025-10-30 00:00:00', 'cancelado', 45000, 'Projeto de RH Kappa', 'azul', 10, 64, '25040010'),
(11, 'Projeto Lambda', 'Desenvolvimento', '2025-05-10 00:00:00', '2025-11-10 00:00:00', 'atrasado', 55000, 'Projeto para desenvolvimento de sistema Lambda', 'cinza', 1, 2, '25050011'),
(12, 'Projeto Mu', 'Arquitetura', '2025-06-15 00:00:00', '2025-12-15 00:00:00', 'em revisão', 60000, 'Projeto de arquitetura Mu', 'laranja', 2, 9, '25060012'),
(13, 'Projeto Nu', 'Engenharia', '2025-07-20 00:00:00', '2026-01-20 00:00:00', 'em andamento', 70000, 'Projeto de engenharia Nu', 'verde', 3, 16, '25070013'),
(14, 'Projeto Xi', 'Operação', '2025-08-25 00:00:00', '2026-02-25 00:00:00', 'atrasado', 80000, 'Projeto de operação Xi', 'amarelo', 4, 23, '25080014'),
(15, 'Projeto Omicron', 'Design', '2025-09-30 00:00:00', '2026-03-30 00:00:00', 'fechado', 90000, 'Projeto de design Omicron', 'vermelho', 5, 30, '25090015'),
(16, 'Projeto Pi', 'Projeto', '2025-10-05 00:00:00', '2026-04-05 00:00:00', 'em andamento', 100000, 'Projeto de gestão Pi', 'azul', 6, 37, '25100016'),
(17, 'Projeto Rho', 'Dados', '2025-11-10 00:00:00', '2026-05-10 00:00:00', 'em andamento', 110000, 'Projeto de análise de dados Rho', 'cinza', 7, 44, '25110017'),
(18, 'Projeto Sigma', 'Financeiro', '2025-12-15 00:00:00', '2026-06-15 00:00:00', 'em andamento', 120000, 'Projeto financeiro Sigma', 'laranja', 8, 51, '25120018'),
(19, 'Projeto Tau', 'TI', '2026-01-20 00:00:00', '2026-07-20 00:00:00', 'em andamento', 130000, 'Projeto de TI Tau', 'verde', 9, 58, '26010019'),
(20, 'Projeto Upsilon', 'RH', '2026-02-25 00:00:00', '2026-08-25 00:00:00', 'em andamento', 140000, 'Projeto de RH Upsilon', 'amarelo', 10, 65, '26020020'),
(21, 'Projeto Phi', 'Desenvolvimento', '2026-03-30 00:00:00', '2026-09-30 00:00:00', 'em andamento', 150000, 'Projeto para desenvolvimento de sistema Phi', 'vermelho', 1, 3, '26030021'),
(22, 'Projeto Chi', 'Arquitetura', '2026-04-05 00:00:00', '2026-10-05 00:00:00', 'em revisão', 160000, 'Projeto de arquitetura Chi', 'azul', 2, 10, '26040022'),
(23, 'Projeto Psi', 'Engenharia', '2026-05-10 00:00:00', '2026-11-10 00:00:00', 'em andamento', 170000, 'Projeto de engenharia Psi', 'cinza', 3, 17, '26050023'),
(24, 'Projeto Omega', 'Operação', '2026-06-15 00:00:00', '2026-12-15 00:00:00', 'em revisão', 180000, 'Projeto de operação Omega', 'laranja', 4, 24, '26060024'),
(25, 'Projeto Alpha2', 'Design', '2026-07-20 00:00:00', '2027-01-20 00:00:00', 'em andamento', 190000, 'Projeto de design Alpha2', 'verde', 5, 31, '26070025'),
(26, 'Projeto Beta2', 'Projeto', '2026-08-25 00:00:00', '2027-02-25 00:00:00', 'em andamento', 200000, 'Projeto de gestão Beta2', 'amarelo', 6, 38, '26080026'),
(27, 'Projeto Gamma2', 'Dados', '2026-09-30 00:00:00', '2027-03-30 00:00:00', 'atrasado', 210000, 'Projeto de análise de dados Gamma2', 'vermelho', 7, 45, '26090027'),
(28, 'Projeto Delta2', 'Financeiro', '2026-10-05 00:00:00', '2027-04-05 00:00:00', 'fechado', 220000, 'Projeto financeiro Delta2', 'azul', 8, 52, '26100028'),
(29, 'Projeto Epsilon2', 'TI', '2026-11-10 00:00:00', '2027-05-10 00:00:00', 'concluído', 230000, 'Projeto de TI Epsilon2', 'cinza', 9, 59, '26110029'),
(30, 'Projeto Zeta2', 'RH', '2026-12-15 00:00:00', '2027-06-15 00:00:00', 'cancelado', 240000, 'Projeto de RH Zeta2', 'laranja', 10, 66, '26120030'),
(31, 'Projeto Eta2', 'Desenvolvimento', '2027-01-20 00:00:00', '2027-07-20 00:00:00', 'em revisão', 250000, 'Projeto para desenvolvimento de sistema Eta2', 'verde', 1, 4, '27010031'),
(32, 'Projeto Theta2', 'Arquitetura', '2027-02-25 00:00:00', '2027-08-25 00:00:00', 'iniciado', 260000, 'Projeto de arquitetura Theta2', 'amarelo', 2, 11, '27020032'),
(33, 'Projeto Iota2', 'Engenharia', '2027-03-30 00:00:00', '2027-09-30 00:00:00', 'em andamento', 270000, 'Projeto de engenharia Iota2', 'vermelho', 3, 18, '27030033'),
(34, 'Projeto Kappa2', 'Operação', '2027-04-05 00:00:00', '2027-10-05 00:00:00', 'em espera', 280000, 'Projeto de operação Kappa2', 'azul', 4, 25, '27040034'),
(35, 'Projeto Lambda2', 'Design', '2027-05-10 00:00:00', '2027-11-10 00:00:00', 'em andamento', 290000, 'Projeto de design Lambda2', 'cinza', 5, 32, '27050035'),
(36, 'Projeto Mu2', 'Projeto', '2027-06-15 00:00:00', '2027-12-15 00:00:00', 'em revisão', 300000, 'Projeto de gestão Mu2', 'laranja', 6, 39, '27060036'),
(37, 'Projeto Nu2', 'Dados', '2027-07-20 00:00:00', '2028-01-20 00:00:00', 'em andamento', 310000, 'Projeto de análise de dados Nu2', 'verde', 7, 46, '27070037'),
(38, 'Projeto Xi2', 'Financeiro', '2027-08-25 00:00:00', '2028-02-25 00:00:00', 'fechado', 320000, 'Projeto financeiro Xi2', 'amarelo', 8, 53, '27080038'),
(39, 'Projeto Omicron2', 'TI', '2027-09-30 00:00:00', '2028-03-30 00:00:00', 'concluído', 330000, 'Projeto de TI Omicron2', 'vermelho', 9, 60, '27090039'),
(40, 'Projeto Pi2', 'RH', '2027-10-05 00:00:00', '2028-04-05 00:00:00', 'cancelado', 340000, 'Projeto de RH Pi2', 'azul', 10, 67, '27100040');


